legacy_repo,canonical_repo,github_status,package_names,source_supported_packages,mapping_status,legacy_uses_anywidget,legacy_widget_created
altair-viz/altair,vega/altair,200,"[""altair"", ""altair-alx-alpha"", ""altair-alx-version""]","[""altair"", ""altair-alx-alpha"", ""altair-alx-version""]",package_links_found,True,2023-08-02
koaning/drawdata,koaning/drawdata,200,"[""drawdata""]","[""drawdata""]",package_links_found,True,
uwdata/mosaic,uwdata/mosaic,200,"[""duckdb-server"", ""mosaic-widget"", ""vgplot""]","[""mosaic-widget""]",package_links_found,True,
manzt/anywidget,manzt/anywidget,200,"[""anywidget""]",[],package_links_found,True,
flekschas/jupyter-scatter,flekschas/jupyter-scatter,200,"[""jupyter-scatter"", ""jupyter-scatter-scsketch""]","[""jupyter-scatter"", ""jupyter-scatter-scsketch""]",package_links_found,True,
developmentseed/lonboard,developmentseed/lonboard,200,"[""lonboard""]","[""lonboard""]",package_links_found,True,
microsoft/qsharp     ,microsoft/qdk,200,"[""qdk"", ""qsharp"", ""qsharp-jupyterlab"", ""qsharp-lang"", ""qsharp-preview"", ""qsharp-python""]",[],package_links_found,True,
opengeos/mapwidget,opengeos/mapwidget,200,"[""mapwidget""]","[""mapwidget""]",package_links_found,True,
kolibril13/jupyter-tldraw ,kolibril13/jupyter-tldraw,200,"[""tldraw""]","[""tldraw""]",package_links_found,True,
juba/pyobsplot,juba/pyobsplot,200,"[""pyobsplot""]","[""pyobsplot""]",package_links_found,True,
hms-dbmi/vizarr,hms-dbmi/vizarr,200,"[""vizarr""]","[""vizarr""]",package_links_found,True,2023-10-19
widgetti/ipyreact,widgetti/ipyreact,200,"[""ipyreact""]","[""ipyreact""]",package_links_found,True,
reactive-python/reactpy-jupyter,reactive-python/reactpy-jupyter,200,"[""reactpy-jupyter""]","[""reactpy-jupyter""]",package_links_found,True,
higlass/higlass-python,higlass/higlass-python,200,"[""higlass"", ""higlass-python""]","[""higlass-python""]",package_links_found,True,
OzetteTech/comparative-embedding-visualization,ozettetech/comparative-embedding-visualization,200,"[""cev""]","[""cev""]",package_links_found,True,
vitessce/vitessce-python,vitessce/vitessce-python,200,"[""vitessce""]","[""vitessce""]",package_links_found,True,
visdesignlab/persist,visdesignlab/persist,200,"[""persist-ext""]","[""persist-ext""]",package_links_found,True,
lakeraai/canica,lakeraai/canica,200,"[""canica""]","[""canica""]",package_links_found,True,
asaboor-gh/ipyslides,asaboor-gh/ipyslides,200,"[""ipyslides""]","[""ipyslides""]",package_links_found,True,
superstar54/weas-widget,superstar54/weas-widget,200,"[""weas-widget""]","[""weas-widget""]",package_links_found,True,
geigr/ipymidi,geigr/ipymidi,200,"[""ipymidi""]","[""ipymidi""]",package_links_found,True,
davidbrochart/ipytextual,davidbrochart/ipytextual,200,"[""ipytextual""]","[""ipytextual""]",package_links_found,True,
benbovy/xarray-fancy-repr,benbovy/xarray-fancy-repr,200,"[""xarray-fancy-repr""]","[""xarray-fancy-repr""]",package_links_found,True,
davidbrochart/ipyscore,davidbrochart/ipyscore,200,"[""ipyscore""]","[""ipyscore""]",package_links_found,True,
jtpio/ipyclipboard,jtpio/ipyclipboard,200,"[""ipyclipboard""]","[""ipyclipboard""]",package_links_found,True,
eodaGmbH/py-maplibregl,eoda-dev/py-maplibregl,200,"[""maplibre""]","[""maplibre""]",package_links_found,True,
kolibril13/ipymafs,kolibril13/ipymafs,200,"[""ipymafs""]","[""ipymafs""]",package_links_found,True,
niivue/ipyniivue,niivue/ipyniivue,200,"[""ipyniivue""]","[""ipyniivue""]",package_links_found,True,2024-03-15
seidlr/ipyreactplayer,seidlr/ipyreactplayer,200,"[""ipyreactplayer""]",[],package_links_found,True,
manzt/ipytweakpane,manzt/ipytweakpane,200,"[""tweakpane""]","[""tweakpane""]",package_links_found,True,
ozekik/ipydeck,ozekik/ipydeck,200,"[""ipydeck""]","[""ipydeck""]",package_links_found,True,
Jhsmit/ipymolstar,molstar/ipymolstar,200,"[""ipymolstar""]","[""ipymolstar""]",package_links_found,True,
StarostinV/bactovision,starostinv/bactovision,200,"[""bactovision""]","[""bactovision""]",package_links_found,True,
cosmograph-org/cosmograph_widget,cosmograph-org/cosmograph_widget,200,"[""cosmograph""]","[""cosmograph""]",package_links_found,True,
juba/pylifemap,lifemap-tol/pylifemap,200,"[""pylifemap""]","[""pylifemap""]",package_links_found,True,
superstar54/qeapp-xps,superstar54/qeapp-xps,200,"[""qeapp-xps""]",[],package_links_found,True,
venkatesh-sivaraman/slice-finding,cmudig/divisi-toolkit,200,"[""divisi-toolkit""]","[""divisi-toolkit""]",package_links_found,True,
narphorium/explainprompt,narphorium/explainprompt,200,"[""explainprompt""]",[],package_links_found,True,
widgetti/ipyantd,widgetti/ipyantd,200,"[""solara-ipyantd""]",[],package_links_found,True,
callysto/lesson-plans,callysto/lesson-plans,200,[],[],unresolved,True,
cds-astro/ipyaladin,cds-astro/ipyaladin,200,"[""ipyaladin""]","[""ipyaladin""]",package_links_found,True,
visgl/deck.gl  ,visgl/deck.gl,200,"[""deckglwidget""]","[""deckglwidget""]",package_links_found,False,2020-01-05
isl-org/Open3D,isl-org/open3d,200,"[""open3d"", ""open3d-cpu"", ""open3d-pycg-cpu"", ""open3d-unofficial-arm"", ""open3d-xpu""]","[""open3d""]",package_links_found,False,
keplergl/kepler.gl,keplergl/kepler.gl,200,"[""keplergl""]","[""keplergl""]",package_links_found,False,
bqplot/bqplot,bqplot/bqplot,200,"[""bqplot""]","[""bqplot""]",package_links_found,False,
alibaba/GraphScope,alibaba/graphscope,200,"[""graphscope"", ""graphscope-client"", ""graphscope-gaia"", ""graphscope-gaiax"", ""graphscope-gpu"", ""graphscope-java"", ""graphscope-jupyter"", ""gs-apps"", ""gs-coordinator"", ""gs-engine"", ""gs-gaia"", ""gs-gaiax"", ""gs-gpu"", ""gs-include"", ""gs-java"", ""gs-jython"", ""gs-lib"", ""pygaiax"", ""pygraphar""]","[""graphscope-jupyter""]",package_links_found,False,
jupyter-widgets/ipywidgets,jupyter-widgets/ipywidgets,200,"[""jupyterlab-widgets""]",[],package_links_found,False,
widgetti/ipyvolume,widgetti/ipyvolume,200,"[""ipyvolume""]","[""ipyvolume""]",package_links_found,False,
matplotlib/ipympl,matplotlib/ipympl,200,"[""ipympl""]","[""ipympl""]",package_links_found,False,
jupyter-widgets/ipyleaflet,jupyter-widgets/ipyleaflet,200,"[""aie-ipyleaflet"", ""azure-maps-jupyter"", ""ipyleaflet"", ""ipyleaflet-bis"", ""jupyter-leaflet"", ""jupyter-leaflet-bis""]","[""aie-ipyleaflet"", ""azure-maps-jupyter"", ""ipyleaflet"", ""ipyleaflet-bis""]",package_links_found,False,
sagemathinc/cocalc,sagemathinc/cocalc,200,"[""cocalc-api"", ""smc-pyutil"", ""smc-sagews""]",[],package_links_found,False,
jupyter-widgets/pythreejs,jupyter-widgets/pythreejs,200,"[""pythreejs""]","[""pythreejs""]",package_links_found,False,
nglviewer/nglview,nglviewer/nglview,200,"[""nglview""]",[],package_links_found,False,
pbugnion/gmaps,pbugnion/gmaps,200,"[""gmaps""]","[""gmaps""]",package_links_found,False,
hannorein/rebound,hannorein/rebound,200,"[""celmech"", ""rebound""]","[""rebound""]",package_links_found,False,2017-01-18
RoboStack/jupyter-ros,robostack/jupyter-ros,200,"[""jupyros""]",[],package_links_found,False,
InsightSoftwareConsortium/itk-jupyter-widgets,insightsoftwareconsortium/itkwidgets,200,"[""itkwidgets""]","[""itkwidgets""]",package_links_found,False,
jupyter-widgets-contrib/ipysheet,jupyter-widgets-contrib/ipysheet,200,"[""ipysheet""]","[""ipysheet""]",package_links_found,False,
bloomberg/ipydatagrid,jupyter-widgets/ipydatagrid,200,"[""ipydatagrid""]","[""ipydatagrid""]",package_links_found,False,
microsoft/powerbi-jupyter,microsoft/powerbi-jupyter,200,"[""powerbiclient""]","[""powerbiclient""]",package_links_found,False,
vega/ipyvega,vega/ipyvega,200,"[""vega"", ""vega3""]","[""vega""]",package_links_found,False,
Quantomatic/pyzx,zxcalc/pyzx,200,"[""pyzx""]","[""pyzx""]",package_links_found,False,
widgetti/ipyvuetify,widgetti/ipyvuetify,200,"[""ipyvuetify""]","[""ipyvuetify""]",package_links_found,False,
cytoscape/ipycytoscape,cytoscape/ipycytoscape,200,"[""ipycytoscape""]","[""ipycytoscape""]",package_links_found,False,
datalayer/jupyter-ui,datalayer/jupyter-ui,200,"[""jupyter-lexical"", ""jupyter-react""]",[],package_links_found,False,
maartenbreddels/ipywebrtc,maartenbreddels/ipywebrtc,200,"[""ipywebrtc""]","[""ipywebrtc""]",package_links_found,False,
jtpio/ipylab,jtpio/ipylab,200,"[""ipylab""]","[""ipylab""]",package_links_found,False,
ipyannotate/ipyannotate,ipyannotate/ipyannotate,200,[],[],unresolved,False,
wrobstory/sticky,wrobstory/sticky,200,"[""sticky""]",[],package_links_found,False,
jupyter-widgets-contrib/ipytree,jupyter-widgets-contrib/ipytree,200,[],[],unresolved,False,
bigdatagenomics/mango,bigdatagenomics/mango,200,"[""bdgenomics-mango""]",[],package_links_found,False,
trungleduc/ipyflex,trungleduc/ipyflex,200,"[""ipyflex""]","[""ipyflex""]",package_links_found,False,
paddymul/buckaroo,paddymul/buckaroo,404,"[""buckaroo""]","[""buckaroo""]",package_links_found,False,
nicohlr/ipychart,nicohlr/ipychart,200,"[""ipychart""]","[""ipychart""]",package_links_found,False,
gereleth/jupyter-bbox-widget,gereleth/jupyter-bbox-widget,200,"[""jupyter-bbox-widget""]","[""jupyter-bbox-widget""]",package_links_found,True,
NVIDIA/ipyparaview,nvidia/ipyparaview,200,[],[],unresolved,False,
gabrielelanaro/chemview,gabrielelanaro/chemview,200,"[""chemview""]","[""chemview""]",package_links_found,False,
lux-org/lux-widget,lux-org/lux-widget,200,"[""lux-widget""]","[""lux-widget""]",package_links_found,False,
Autodesk/notebook-molecular-visualization,autodesk/notebook-molecular-visualization,200,[],[],unresolved,False,
timkpaine/ipydagred3,timkpaine/ipydagred3,200,"[""ipydagred3""]","[""ipydagred3""]",package_links_found,False,
widgetti/ipyvue,widgetti/ipyvue,200,"[""ipyvue""]","[""ipyvue""]",package_links_found,False,
apple/ml-symphony,apple-aiml-research/ml-symphony,200,"[""symphony-binary-confusion-matrix"", ""symphony-data-map"", ""symphony-duplicates"", ""symphony-fairvis"", ""symphony-familiarity"", ""symphony-hierarchical-confusion-matrix"", ""symphony-list"", ""symphony-markdown"", ""symphony-scatterplot"", ""symphony-summary"", ""symphony-ui"", ""symphony-vega""]",[],package_links_found,False,
vispy/jupyter_rfb,vispy/jupyter_rfb,200,"[""jupyter-rfb""]","[""jupyter-rfb""]",package_links_found,False,
MaayanLab/clustergrammer-widget,maayanlab/clustergrammer-widget,200,[],[],unresolved,False,
Irrational-Encoding-Wizardry/yuuno,irrational-encoding-wizardry/yuuno,200,"[""yuuno""]","[""yuuno""]",package_links_found,False,
heremaps/here-map-widget-for-jupyter,heremaps/here-map-widget-for-jupyter,200,"[""here-map-widget-for-jupyter""]","[""here-map-widget-for-jupyter""]",package_links_found,False,
PierreMarion23/ipypivot,pierremarion23/ipypivot,200,"[""ipypivot"", ""ipywidget-pivot-table""]","[""ipypivot"", ""ipywidget-pivot-table""]",package_links_found,False,
datarho/asqlcell,datarho/asqlcell,200,"[""asqlcell""]","[""asqlcell""]",package_links_found,False,
jupyrdf/ipyelk,jupyrdf/ipyelk,200,"[""ipyelk""]","[""ipyelk""]",package_links_found,False,
tridentbio/trident-chemwidgets,tridentbio/trident-chemwidgets,200,"[""trident-chemwidgets""]","[""trident-chemwidgets""]",package_links_found,False,
nteract/outputs,nteract/outputs,200,[],[],unresolved,False,
adgt/pyQuirk,adgt/pyquirk,200,"[""pyquirk""]","[""pyquirk""]",package_links_found,False,
esdc-esac-esa-int/pyesasky,esdc-esac-esa-int/pyesasky,200,"[""pyesasky""]","[""pyesasky""]",package_links_found,False,
glue-viz/bqplot-image-gl,glue-viz/bqplot-image-gl,200,"[""bqplot-image-gl""]","[""bqplot-image-gl""]",package_links_found,False,
bsnacks000/IPySigma-Demo,bsnacks000/ipysigma-demo,200,[],[],unresolved,False,
GLVis/pyglvis,glvis/pyglvis,200,"[""glvis"", ""pyglvis""]","[""glvis"", ""pyglvis""]",package_links_found,True,
OpenGeoscience/pygeojs,opengeoscience/pygeojs,200,[],[],unresolved,False,
Bayer-Group/xsmiles-jupyterlab,bayer-group/xsmiles-jupyterlab,200,"[""xsmiles""]","[""xsmiles""]",package_links_found,False,
cytoscape/jupyter-cytoscape,cytoscape/jupyter-cytoscape,200,[],[],unresolved,False,
yt-project/widgyts,yt-project/widgyts,200,"[""widgyts""]","[""widgyts""]",package_links_found,False,
Bio-OS/bio-mate,bio-os/bio-mate,200,"[""bio-mate""]",[],package_links_found,False,
cropsinsilico/jupyterlab_nodeeditor,cropsinsilico/jupyterlab_nodeeditor,200,"[""jupyterlab-nodeeditor""]",[],package_links_found,False,
iamDecode/cvplot,iamdecode/cvplot,200,"[""cvplot""]","[""cvplot""]",package_links_found,False,
wolfv/jupyter-canvas-widget,wolfv/jupyter-canvas-widget,200,[],[],unresolved,False,
jofmi/ipysimulate,jofmi/ipysimulate,200,"[""ipysimulate""]","[""ipysimulate""]",package_links_found,False,
fredboudon/plantgl-jupyter,fredboudon/plantgl-jupyter,200,"[""pgljupyter""]","[""pgljupyter""]",package_links_found,False,
Caltech-IPAC/firefly_widgets,caltech-ipac/firefly_widgets,200,[],[],unresolved,False,
JeromeEippers/ipywebgl,jeromeeippers/ipywebgl,200,"[""ipyanimlab"", ""ipywebgl""]","[""ipywebgl""]",package_links_found,False,
benbovy/ipymaps,benbovy/ipymaps,200,[],[],unresolved,False,
snickell/rej,snickell/rej,200,"[""rej""]","[""rej""]",package_links_found,False,
fhstp/soniscope-jupyter,fhstp/soniscope-jupyter,200,"[""soniscope-jupyter"", ""sonivis-lens-widget""]","[""soniscope-jupyter"", ""sonivis-lens-widget""]",package_links_found,False,
data-exp-lab/yt_widgets,data-exp-lab/yt_widgets,200,[],[],unresolved,False,
codeaudit/conx,codeaudit/conx,200,"[""conx""]","[""conx""]",package_links_found,False,
vidartf/K3D-jupyter,vidartf/k3d-jupyter,200,[],[],unresolved,False,
bollwyvl/widget-dateslider,bollwyvl/widget-dateslider,200,"[""dateslider""]","[""dateslider""]",package_links_found,False,
geigr/ipytone,geigr/ipytone,200,"[""ipytone""]","[""ipytone""]",package_links_found,False,
marimo-team/marimo,marimo-team/marimo,200,"[""marimo"", ""marimo-docs""]",[],package_links_found,True,
widgetti/solara,widgetti/solara,200,"[""pytest-ipywidgets"", ""solara"", ""solara-assets"", ""solara-enterprise"", ""solara-server"", ""solara-ui""]",[],package_links_found,True,
posit-dev/py-shinywidgets,posit-dev/py-shinywidgets,200,"[""shinywidgets""]",[],package_links_found,True,
holoviz/panel,holoviz/panel,200,"[""panel""]",[],package_links_found,True,
microsoft/vscode-jupyter,microsoft/vscode-jupyter,200,[],[],unresolved,True,
IKKEM-Lin/jupyter-antd,ikkem-lin/jupyter-antd,200,"[""ja-py""]",[],package_links_found,True,
IKKEM-Lin/jupyter-formily,ikkem-lin/jupyter-formily,200,"[""jupyter-formily""]","[""jupyter-formily""]",package_links_found,True,
PietroTotis/CoSo,pietrototis/coso,200,"[""coso""]","[""coso""]",package_links_found,True,
egraphs-good/egglog-python,egraphs-good/egglog-python,200,"[""egglog""]","[""egglog""]",package_links_found,True,
cosmograph-org/py_cosmograph,cosmograph-org/py_cosmograph,200,"[""cosmograph""]","[""cosmograph""]",package_links_found,True,
manzt/ipymario,manzt/ipymario,200,"[""ipymario""]","[""ipymario""]",package_links_found,True,
manzt/carbonplan-maps,manzt/carbonplan-maps,200,"[""carbonplan-maps""]",[],package_links_found,True,
jiwnchoi/Bavisitter,jiwnchoi/bavisitter,200,"[""bavisitter""]","[""bavisitter""]",package_links_found,True,
cduck/drawsvg,cduck/drawsvg,200,"[""draw2svg"", ""drawsvg""]","[""draw2svg"", ""drawsvg""]",package_links_found,False,
ArtificialIntelligenceToolkit/conx,artificialintelligencetoolkit/conx,200,"[""conx""]","[""conx""]",package_links_found,False,
john-guerra/navio_jupyter,john-guerra/navio-jupyter,200,"[""navio-jupyter""]","[""navio-jupyter""]",package_links_found,True,
tBuLi/kingdon,tbuli/kingdon,200,"[""kingdon""]","[""kingdon""]",package_links_found,True,
osscar-org/widget-bzvisualizer,osscar-org/widget-bzvisualizer,200,"[""widget-bzvisualizer""]","[""widget-bzvisualizer""]",package_links_found,True,
osscar-org/widget-bandsplot,osscar-org/widget-bandsplot,200,"[""widget-bandsplot""]","[""widget-bandsplot""]",package_links_found,True,
jupyter-widgets-contrib/ipyigv,jupyter-widgets-contrib/ipyigv,200,"[""ipyigv""]","[""ipyigv""]",package_links_found,True,
gosling-lang/gosling-widget,gosling-lang/gosling-widget,200,"[""gosling-widget""]","[""gosling-widget""]",package_links_found,False,
nuwandavek/justplotme,nuwandavek/justplotme,200,"[""justplotme""]","[""justplotme""]",package_links_found,True,
manzt/pygv,manzt/pygv,200,"[""pygv""]","[""pygv""]",package_links_found,True,
osscar-org/widget-periodictable,osscar-org/widget-periodictable,200,"[""widget-periodictable""]","[""widget-periodictable""]",package_links_found,True,
superstar54/aiida-bader,aiidaplugins/aiida-bader,200,"[""aiida-bader""]","[""aiida-bader""]",package_links_found,True,
michelle123lam/lloom,michelle123lam/lloom,200,"[""text-lloom""]","[""text-lloom""]",package_links_found,True,
H-IAAC/d3vis_ipynb,h-iaac/d3vis_ipynb,200,"[""d3vis-ipynb""]","[""d3vis-ipynb""]",package_links_found,True,
jakobtroidl/jbar,jakobtroidl/jbar,200,"[""jbar""]","[""jbar""]",package_links_found,True,
powsybl/pypowsybl-jupyter,powsybl/pypowsybl-jupyter,200,"[""pypowsybl-jupyter""]","[""pypowsybl-jupyter""]",package_links_found,True,2024-04-24
superstar54/aiida-workgraph,superstar54/aiida-workgraph,200,"[""aiida-workgraph""]","[""aiida-workgraph""]",package_links_found,True,2024-04-15
koaning/wigglystuff,koaning/wigglystuff,200,"[""wigglystuff""]","[""wigglystuff""]",package_links_found,True,
Toepfer-Lab/cobramod,toepfer-lab/cobramod,200,"[""cobramod""]","[""cobramod""]",package_links_found,True,2024-05-16
osscar-org/widget-code-input,osscar-org/widget-code-input,200,"[""widget-code-input""]","[""widget-code-input""]",package_links_found,True,
Cogniveon/torchflux,cogniveon/torchflux,404,[],[],unresolved,True,
aiidalab/widget-dropdown,aiidalab/widget-dropdown,200,"[""widget-dropdown""]","[""widget-dropdown""]",package_links_found,True,
rerun-io/rerun,rerun-io/rerun,200,"[""rerun-dev-fixup"", ""rerun-notebook"", ""rerun-pixi-env"", ""rerun-sdk"", ""rerun-workspace""]","[""rerun-notebook""]",package_links_found,True,2024-06-24
abdenlab/ipylangchat,abdenlab/ipylangchat,200,"[""ipylangchat""]","[""ipylangchat""]",package_links_found,True,
mwcraig/soupernova,mwcraig/soupernova,200,"[""soupernova""]","[""soupernova""]",package_links_found,True,
shyamsantoki/textlloom,shyamsantoki/textlloom,200,"[""text-lloom""]","[""text-lloom""]",package_links_found,True,
opengeos/leafmap,opengeos/leafmap,200,"[""leafmap""]","[""leafmap""]",package_links_found,True,2024-07-20
manzt/quak,manzt/quak,200,"[""quak""]","[""quak""]",package_links_found,True,
ianhi/ipysegment,ianhi/ipysegment,200,[],[],unresolved,False,
tensorware/ipypandas,tensorware/ipypandas,200,"[""ipypandas""]","[""ipypandas""]",package_links_found,False,
davidbrochart/ipyspin,davidbrochart/ipyspin,200,"[""ipyspin""]","[""ipyspin""]",package_links_found,False,
mwcraig/ipyevents,mwcraig/ipyevents,200,"[""ipyevents""]","[""ipyevents""]",package_links_found,False,
finos/perspective,perspective-dev/perspective,200,"[""perspect"", ""perspective-python""]","[""perspective-python""]",package_links_found,False,
plotly/plotly.py,plotly/plotly.py,200,"[""chart-studio"", ""plotly"", ""plotly-geo""]","[""chart-studio"", ""plotly""]",package_links_found,True,
bokeh/jupyter_bokeh,bokeh/jupyter_bokeh,200,"[""jupyter-bokeh""]","[""jupyter-bokeh""]",package_links_found,False,
catboost/catboost,catboost/catboost,200,"[""catboost"", ""catboost-dev"", ""catboost-no-sse4""]","[""catboost"", ""catboost-dev"", ""catboost-no-sse4""]",package_links_found,False,2021-03-28
zxcalc/pyzx,zxcalc/pyzx,200,"[""pyzx""]","[""pyzx""]",package_links_found,False,2020-03-31
AaronWatters/jp_proxy_widget,aaronwatters/jp_proxy_widget,200,"[""jp-proxy-widget""]","[""jp-proxy-widget""]",package_links_found,False,
ploomber/jupysql-plugin,ploomber/jupysql-plugin,200,"[""jupysql-plugin""]","[""jupysql-plugin""]",package_links_found,False,
AISpace2/AISpace2,aispace2/aispace2,200,[],[],unresolved,False,
interpretml/interpret,interpretml/interpret,200,"[""interpret"", ""interpret-core"", ""powerlift""]",[],package_links_found,False,
g2nb/nbtools,g2nb/nbtools,200,"[""nbtools""]","[""nbtools""]",package_links_found,False,
QuantStack/ipyopenlayers,geojupyter/ipyopenlayers,200,"[""ipyopenlayers""]","[""ipyopenlayers""]",package_links_found,False,
cbouy/mols2grid,cbouy/mols2grid,200,"[""mols2grid""]","[""mols2grid""]",package_links_found,False,2022-09-03
ismms-himc/clustergrammer2,ismms-himc/clustergrammer2,200,"[""clustergrammer2""]","[""clustergrammer2""]",package_links_found,False,
Kalhina/ipychess,kalhina/ipychess,200,[],[],unresolved,False,
aperiosoftware/jupyter-aas-timeseries,aperiosoftware/jupyter-aas-timeseries,200,"[""jupyter-aas-timeseries""]","[""jupyter-aas-timeseries""]",package_links_found,False,
cmudig/emblaze,cmudig/emblaze,200,"[""emblaze""]","[""emblaze""]",package_links_found,False,
quantopian/qgrid,quantopian/qgrid,200,"[""qgrid""]","[""qgrid""]",package_links_found,False,
ProtProtocols/jupyter-button_execute,protprotocols/jupyter-button_execute,200,"[""button-execute""]","[""button-execute""]",package_links_found,False,
saraedum/ipyvue-remote-component,saraedum/ipyvue-remote-component,200,"[""ipyvue-remote-component""]","[""ipyvue-remote-component""]",package_links_found,False,
0phoff/ibb,0phoff/ibb,200,"[""ibb""]","[""ibb""]",package_links_found,False,
bernhard-42/cad-viewer-widget,bernhard-42/cad-viewer-widget,200,"[""cad-viewer-widget""]","[""cad-viewer-widget""]",package_links_found,False,
deathbeds/wxyz,deathbeds/wxyz,200,"[""wxyz-core"", ""wxyz-datagrid"", ""wxyz-dvcs"", ""wxyz-html"", ""wxyz-json-e"", ""wxyz-json-schema-form"", ""wxyz-jsonld"", ""wxyz-lab"", ""wxyz-notebooks"", ""wxyz-svg"", ""wxyz-tpl-jinja"", ""wxyz-yaml""]","[""wxyz-core""]",package_links_found,False,
davidbrochart/ipyearth,davidbrochart/ipyearth,200,"[""ipyearth""]","[""ipyearth""]",package_links_found,False,
thomasballinger/observable-jupyter-widget,thomasballinger/observable-jupyter-widget,200,"[""observable-jupyter-widget""]","[""observable-jupyter-widget""]",package_links_found,False,
cylynx/motif.gl,cylynx/motif.gl,200,"[""motif-jupyter"", ""pymotif""]","[""motif-jupyter"", ""pymotif""]",package_links_found,False,
pnnl/hypernetx-widget,pnnl/hypernetx-widget,200,"[""hnxwidget""]","[""hnxwidget""]",package_links_found,False,
vidartf/ipyscales,vidartf/ipyscales,200,"[""ipyscales""]","[""ipyscales""]",package_links_found,False,
python-bonobo/bonobo,python-bonobo/bonobo,200,"[""bonobo""]","[""bonobo""]",package_links_found,False,
pytorch/captum,meta-pytorch/captum,200,"[""captum""]","[""captum""]",package_links_found,False,
benlau/ipylivebash,benlau/ipylivebash,200,"[""ipylivebash""]","[""ipylivebash""]",package_links_found,False,
srizzo/jupyter-interval-widget,srizzo/jupyter-interval-widget,200,"[""jupyter-interval-widget""]","[""jupyter-interval-widget""]",package_links_found,False,
davidbrochart/ipyurl,davidbrochart/ipyurl,200,"[""ipyurl""]","[""ipyurl""]",package_links_found,False,
K3D-tools/K3D-jupyter,k3d-tools/k3d-jupyter,200,"[""k3d""]","[""k3d""]",package_links_found,False,
davidbrochart/ipyx,davidbrochart/ipyx,200,"[""ipyx""]","[""ipyx""]",package_links_found,False,
olkuka/multiqc_jupyterlab,olkuka/multiqc_jupyterlab,200,"[""multiqc-jupyterlab""]",[],package_links_found,False,
juntyr/ipyfilite,juntyr/ipyfilite,200,"[""ipyfilite""]","[""ipyfilite""]",package_links_found,False,
krassowski/jupyter-locuszoom,krassowski/jupyter-locuszoom,200,"[""jupyter-locuszoom""]","[""jupyter-locuszoom""]",package_links_found,False,
NickCrews/ibis-widget,nickcrews/ibis-widget,200,"[""ibis-widget""]",[],package_links_found,True,
chestrays/cornerstone_widget,chestrays/cornerstone_widget,200,"[""cornerstone-widget""]","[""cornerstone-widget""]",package_links_found,False,
LGSInnovations/jupyter-sigplot,lgsinnovations/jupyter-sigplot,200,"[""jupyter-sigplot""]","[""jupyter-sigplot""]",package_links_found,False,
aws/graph-notebook,aws/graph-notebook,200,"[""graph-notebook""]","[""graph-notebook""]",package_links_found,False,
fekad/jupyter-jsmol,fekad/jupyter-jsmol,200,"[""jupyter-jsmol""]","[""jupyter-jsmol""]",package_links_found,False,
cdr4eelz/serialhub,cdr4eelz/serialhub,200,"[""serialhub""]","[""serialhub""]",package_links_found,False,
ORNL/ipyanchorviz,ornl/ipyanchorviz,200,"[""ipyanchorviz""]","[""ipyanchorviz""]",package_links_found,False,
kedarisetti/VideoPlayerWidget,kedarisetti/videoplayerwidget,200,"[""videoplayerwidget""]","[""videoplayerwidget""]",package_links_found,False,
joaopalmeiro/ipycolorful,joaopalmeiro/ipycolorful,200,"[""ipycolorful""]","[""ipycolorful""]",package_links_found,False,
saraedum/ipyvue-time-series,saraedum/ipyvue-time-series,200,"[""ipyvue-time-series""]","[""ipyvue-time-series""]",package_links_found,False,
DataCanvasIO/HyperBoard,datacanvasio/hyperboard,200,"[""experiment-notebook-widget"", ""experiment-visualization"", ""hboard"", ""hboard-widget""]","[""experiment-notebook-widget"", ""hboard-widget""]",package_links_found,False,
daquintero/oleo,daquintero/oleo,200,"[""oleo""]","[""oleo""]",package_links_found,False,
andeplane/pyomovi,andeplane/pyomovi,200,"[""pyomovi""]","[""pyomovi""]",package_links_found,False,
scikit-beam/ipywe,scikit-beam/ipywe,200,"[""ipywe""]","[""ipywe""]",package_links_found,False,
jtpio/ipyp5,jtpio/ipyp5,200,"[""ipyp5""]","[""ipyp5""]",package_links_found,False,
fcollonval/ipannotoryous,fcollonval/ipannotoryous,200,"[""ipannotoryous""]","[""ipannotoryous""]",package_links_found,False,
aurora-opensource/streetscape.gl,aurora-opensource/streetscape.gl,200,[],[],unresolved,False,
jupyter-widgets/ipydatagrid,jupyter-widgets/ipydatagrid,200,"[""ipydatagrid""]","[""ipydatagrid""]",package_links_found,False,
twavv/ipydraw,twavv/ipydraw,200,"[""ipydraw""]","[""ipydraw""]",package_links_found,False,
VisDunneRight/setmlvis,visdunneright/setmlvis,200,"[""setmlvis""]","[""setmlvis""]",package_links_found,False,
sci-visus/ipyvisus,sci-visus/ipyvisus,200,"[""ipyvisus""]","[""ipyvisus""]",package_links_found,False,
hbredin/pyannotebook,hbredin/pyannotebook,200,"[""pyannotebook""]","[""pyannotebook""]",package_links_found,False,
jupytercalpoly/Jupyter-Bifrost,jupytercalpoly/jupyter-bifrost,200,[],[],unresolved,False,
tensorflow/model-analysis,tensorflow/model-analysis,200,"[""tensorflow-model-analysis""]","[""tensorflow-model-analysis""]",package_links_found,False,
gkvoelkl/ipython-turtle-widget,gkvoelkl/ipython-turtle-widget,200,"[""ipyturtle""]","[""ipyturtle""]",package_links_found,False,
canva-public/flourishcharts,canva-public/flourishcharts,200,"[""flourishcharts""]","[""flourishcharts""]",package_links_found,True,
mammut-io/brat-widget,mammut-io/brat-widget,200,"[""brat-widget""]","[""brat-widget""]",package_links_found,False,
exa-analytics/exatomic,exa-analytics/exatomic,200,"[""exatomic""]",[],package_links_found,False,
romero-jose/dsvisualizer,romero-jose/dsvisualizer,200,"[""dsvisualizer""]","[""dsvisualizer""]",package_links_found,False,
gbrault/jupyterpivot,gbrault/jupyterpivot,200,[],[],unresolved,False,
sodennis/ipymonaco,sodennis/ipymonaco,200,"[""ipymonaco""]","[""ipymonaco""]",package_links_found,False,
mikheyevav/ziviz,mikheyevav/ziviz,200,"[""ziviz""]","[""ziviz""]",package_links_found,False,
WorldWideTelescope/pywwt,worldwidetelescope/pywwt,200,"[""pywwt""]","[""pywwt""]",package_links_found,False,
TileDB-Inc/TileDB-PyBabylonJS,tiledb-inc/tiledb-pybabylonjs,200,"[""pybabylonjs""]","[""pybabylonjs""]",package_links_found,False,
gbrault/ipybus,gbrault/ipybus,200,"[""ipybus""]","[""ipybus""]",package_links_found,False,
ricklupton/ipysankeywidget,ricklupton/ipysankeywidget,200,"[""ipysankeywidget""]","[""ipysankeywidget""]",package_links_found,False,
ywx649999311/vizic,ywx649999311/vizic,200,"[""vizic""]","[""vizic""]",package_links_found,False,
medialab/ipysigma,medialab/ipysigma,200,"[""ipysigma""]","[""ipysigma""]",package_links_found,False,
randomunrandom/text_selector,randomunrandom/text_selector,200,"[""text-selector""]","[""text-selector""]",package_links_found,False,
upsetjs/upsetjs_jupyter_widget,upsetjs/upsetjs_jupyter_widget,200,"[""upsetjs-jupyter-widget""]","[""upsetjs-jupyter-widget""]",package_links_found,False,
dive4dec/divewidgets,dive4dec/divewidgets,200,"[""divewidgets"", ""optmentorwidgets""]","[""divewidgets"", ""optmentorwidgets""]",package_links_found,False,
industrial-optimization-group/desdeo-vis,industrial-optimization-group/desdeo-vis,200,"[""desdeo-vis""]","[""desdeo-vis""]",package_links_found,False,
janfreyberg/ipyannotations,janfreyberg/ipyannotations,200,"[""ipyannotations""]","[""ipyannotations""]",package_links_found,False,
IBM/finspector,ibm/finspector,200,"[""finspector""]","[""finspector""]",package_links_found,False,
nicolvisser/speechwidgets,nicolvisser/speechwidgets,200,"[""speechwidgets""]","[""speechwidgets""]",package_links_found,False,
osscar-org/widget-jsmol,osscar-org/widget-jsmol,200,"[""widget-jsmol""]","[""widget-jsmol""]",package_links_found,False,
faustomorales/qsl,faustomorales/qsl,200,"[""qsl""]","[""qsl""]",package_links_found,False,
lmkapp/lmk,lmkapp/lmk,200,"[""lmkapp""]","[""lmkapp""]",package_links_found,False,
erdc/ipymesh,erdc/ipymesh,200,"[""ipymesh""]","[""ipymesh""]",package_links_found,False,
ocoudray/jupyter-drawing-pad,ocoudray/jupyter-drawing-pad,200,"[""jupyter-drawing-pad""]","[""jupyter-drawing-pad""]",package_links_found,False,
jupyter-robotics/ipynao,jupyter-robotics/ipynao,200,"[""ipynao""]","[""ipynao""]",package_links_found,False,
paddymul/df_cereal,paddymul/df_cereal,200,"[""df-cereal""]","[""df-cereal""]",package_links_found,False,
deathbeds/jupikchr,deathbeds/jupikchr,200,"[""jupikchr""]","[""jupikchr""]",package_links_found,False,
vega/vegafusion,vega/vegafusion,200,"[""vegafusion""]","[""vegafusion""]",package_links_found,True,
vidartf/ipydatawidgets,vidartf/ipydatawidgets,200,"[""ipydatawidgets""]","[""ipydatawidgets""]",package_links_found,False,
LoLab-MSM/pyvipr,lolab-msm/pyvipr,200,[],[],unresolved,False,
algrx/algorithmx-python,algrx/algorithmx-python,200,"[""algorithmx""]","[""algorithmx""]",package_links_found,False,
davidbrochart/ipyobservable,davidbrochart/ipyobservable,200,"[""ipyobservable""]","[""ipyobservable""]",package_links_found,False,
trungleduc/ipecharts,trungleduc/ipecharts,200,"[""ipecharts""]","[""ipecharts""]",package_links_found,False,
flatsurf/ipymuvue,flatsurf/ipymuvue,200,"[""ipymuvue""]","[""ipymuvue""]",package_links_found,False,
imandel/gallavant,imandel/gallavant,200,"[""gallavant""]","[""gallavant""]",package_links_found,False,
widgetti/ipyaggrid,widgetti/ipyaggrid,200,"[""cccs-ipyaggrid"", ""ipyaggrid""]","[""cccs-ipyaggrid"", ""ipyaggrid""]",package_links_found,False,
deephaven/deephaven-ipywidgets,deephaven/deephaven-ipywidgets,200,"[""deephaven-ipywidgets""]","[""deephaven-ipywidgets""]",package_links_found,False,
DanielKerrigan/PDPilot,danielkerrigan/pdpilot,200,"[""pdpilot""]","[""pdpilot""]",package_links_found,False,
naoh16/ipyaudioworklet,naoh16/ipyaudioworklet,200,"[""ipyaudioworklet""]","[""ipyaudioworklet""]",package_links_found,False,
progressivis/ipytablewidgets,progressivis/ipytablewidgets,200,"[""ipytablewidgets""]","[""ipytablewidgets""]",package_links_found,False,
davidbrochart/ipylayout,davidbrochart/ipylayout,200,"[""ipylayout""]","[""ipylayout""]",package_links_found,False,
TileDB-Inc/TileDB-Jupyter-Plot-Widget,tiledb-inc/tiledb-jupyter-plot-widget,200,"[""tiledb-plot-widget""]","[""tiledb-plot-widget""]",package_links_found,False,
CERBSim/webgui_jupyter_widgets,cerbsim/webgui_jupyter_widgets,200,"[""webgui-jupyter-widgets""]","[""webgui-jupyter-widgets""]",package_links_found,False,
twosigma/beakerx,twosigma/beakerx,200,"[""beakerx""]","[""beakerx""]",package_links_found,False,
msoechting/lexcube,msoechting/lexcube,200,"[""lexcube""]","[""lexcube""]",package_links_found,False,
davidbrochart/ipyhtmx,davidbrochart/ipyhtmx,200,"[""ipyhtmx""]","[""ipyhtmx""]",package_links_found,False,
jupyter-robotics/ipylgbst,jupyter-robotics/ipylgbst,200,"[""ipylgbst""]","[""ipylgbst""]",package_links_found,False,
Who8MyLunch/Jupyter_Video_Widget,who8mylunch/jupyter_video_widget,200,"[""jpy-video"", ""jupyter-video-widget""]","[""jpy-video"", ""jupyter-video-widget""]",package_links_found,False,
lineupjs/lineup_widget,lineupjs/lineup_widget,200,"[""lineup-widget""]","[""lineup-widget""]",package_links_found,False,
jupyter-widgets-contrib/ipycanvas,jupyter-widgets-contrib/ipycanvas,200,"[""ipycanvas""]","[""ipycanvas""]",package_links_found,False,
uber/manifold,uber/manifold,200,"[""mlvis""]","[""mlvis""]",package_links_found,False,
finos/ipyregulartable,finos/ipyregulartable,200,"[""ipyregulartable""]","[""ipyregulartable""]",package_links_found,False,
krishauser/Klampt,krishauser/klampt,200,"[""klampt""]","[""klampt""]",package_links_found,False,
zakandrewking/escher,zakandrewking/escher,200,"[""escher""]","[""escher""]",package_links_found,False,
pnnl/crosscheck,pnnl/crosscheck,200,"[""crosscheck-widget""]","[""crosscheck-widget""]",package_links_found,False,
jupyter-widgets/midicontrols,jupyter-widgets/midicontrols,200,"[""ipymidicontrols""]","[""ipymidicontrols""]",package_links_found,False,
g2nb/ipyuploads,g2nb/ipyuploads,200,"[""ipyuploads""]","[""ipyuploads""]",package_links_found,False,
boyuai/ipyturtle2,boyuai/ipyturtle2,200,"[""ipyturtle2""]","[""ipyturtle2""]",package_links_found,False,
space928/Shaders-For-Scientific-Visualisation,space928/shaders-for-scientific-visualisation,200,"[""pyssv""]","[""pyssv""]",package_links_found,False,
davidbrochart/ipybertin,davidbrochart/ipybertin,200,"[""ipybertin""]","[""ipybertin""]",package_links_found,False,
yarden-livnat/ipyregulus,yarden-livnat/ipyregulus,200,"[""ipyregulus""]","[""ipyregulus""]",package_links_found,False,
py5coding/py5jupyter,py5coding/py5jupyter,200,"[""py5jupyter""]","[""py5jupyter""]",package_links_found,False,
cmudig/ProfileInline,cmudig/profileinline,200,"[""diginlineprofiler""]","[""diginlineprofiler""]",package_links_found,False,
mariobuikhuizen/ipygraphql,mariobuikhuizen/ipygraphql,200,"[""ipygraphql""]","[""ipygraphql""]",package_links_found,False,
hansnow/jupyterlab-data-binding,hansnow/jupyterlab-data-binding,200,"[""jupyterlab-data-binding""]","[""jupyterlab-data-binding""]",package_links_found,False,
dataqa/jupyter-annotate,dataqa/jupyter-annotate,200,[],[],unresolved,False,
jupyter-widgets-contrib/ipygany,jupyter-widgets-contrib/ipygany,200,[],[],unresolved,False,
NVIDIA/clara-viz,nvidia/clara-viz,200,"[""clara-viz"", ""clara-viz-core"", ""clara-viz-widgets""]","[""clara-viz-widgets""]",package_links_found,False,
zhihanyue/qgridnext,zhihanyue/qgridnext,200,"[""qgridnext""]","[""qgridnext""]",package_links_found,False,
simularium/nbsv,simularium/nbsv,200,"[""nbsv""]","[""nbsv""]",package_links_found,False,
brifly/py-gamegrid,brifly/py-gamegrid,200,[],[],unresolved,False,
matthewturk/jupyterlab_dosbox,matthewturk/jupyterlab_dosbox,200,"[""jupyterlab-dosbox""]","[""jupyterlab-dosbox""]",package_links_found,False,
jupyrdf/ipyforcegraph,jupyrdf/ipyforcegraph,200,"[""ipyforcegraph""]","[""ipyforcegraph""]",package_links_found,False,
visa/visa-chart-components,visa/visa-chart-components,200,"[""pyvisacharts""]","[""pyvisacharts""]",package_links_found,False,
osigaud/SimpleMazeMDP,osigaud/simplemazemdp,200,"[""mazemdp""]",[],package_links_found,True,
cmudig/divisi-toolkit,cmudig/divisi-toolkit,200,"[""divisi-toolkit""]","[""divisi-toolkit""]",package_links_found,True,
ozekik/cityview,ozekik/cityview,200,"[""cityview""]","[""cityview""]",package_links_found,True,
aiidateam/aiida-workgraph,aiidateam/aiida-workgraph,200,"[""aiida-workgraph""]","[""aiida-workgraph""]",package_links_found,True,
vuepy/vuepy,vuepy/vuepy,200,"[""vuepy-core""]","[""vuepy-core""]",package_links_found,True,
innovationOUtside/jupyter_anywidget_tesseract_pdfjs,innovationoutside/jupyter_anywidget_tesseract_pdfjs,200,"[""jupyter-anywidget-tesseract-pdfjs""]","[""jupyter-anywidget-tesseract-pdfjs""]",package_links_found,True,
apple/tensor-visualizer,apple/tensor-visualizer,200,"[""tensor-visualizer""]","[""tensor-visualizer""]",package_links_found,True,
innovationOUtside/jupyter_anywidget_pglite,innovationoutside/jupyter_anywidget_pglite,200,"[""jupyter-anywidget-pglite""]","[""jupyter-anywidget-pglite""]",package_links_found,True,
innovationOUtside/jupyter_anywidget_graphviz,innovationoutside/jupyter_anywidget_graphviz,200,"[""jupyter-anywidget-graphviz""]","[""jupyter-anywidget-graphviz""]",package_links_found,True,
dvdkouril/chromospyce,hms-dbmi/uchimata-py,200,"[""uchimata""]","[""uchimata""]",package_links_found,True,
x-atlas-consortia/hra-jupyter-widgets,x-atlas-consortia/hra-jupyter-widgets,200,"[""hra-jupyter-widgets""]","[""hra-jupyter-widgets""]",package_links_found,True,
shaielc/jupyter-utility-widgets,shaielc/jupyter-utility-widgets,200,"[""jupyter-utility-widgets""]","[""jupyter-utility-widgets""]",package_links_found,True,2024-09-05
mwouts/itables,mwouts/itables,200,"[""itables""]","[""itables""]",package_links_found,True,2024-09-12
GNS-Science/nzshm-rupture-widget,gns-science/nzshm-rupture-widget,200,"[""nzshm-rupture-widget""]","[""nzshm-rupture-widget""]",package_links_found,True,
kolibril13/ipydrop,kolibril13/ipydrop,200,"[""ipydrop""]","[""ipydrop""]",package_links_found,True,
tiga1231/dimbridge-jupyter,tiga1231/dimbridge-jupyter,200,"[""dimbridge""]","[""dimbridge""]",package_links_found,True,
pyiron/pyironFlow,pyiron/pyironflow,200,"[""pyironflow""]","[""pyironflow""]",package_links_found,True,
Kanaries/pygwalker,kanaries/pygwalker,200,"[""pygwalker""]","[""pygwalker""]",package_links_found,True,2024-10-28
john-guerra/navio-jupyter,john-guerra/navio-jupyter,200,"[""navio-jupyter""]","[""navio-jupyter""]",package_links_found,True,2024-04-20
innovationOUtside/jupyter_anywidget_window_ai,innovationoutside/jupyter_anywidget_window_ai,200,"[""jupyter-anywidget-window-ai""]","[""jupyter-anywidget-window-ai""]",package_links_found,True,
gosling-lang/gos,gosling-lang/gos,200,"[""gosling""]","[""gosling""]",package_links_found,True,2024-10-20
gee-community/geemap,gee-community/geemap,200,"[""geemap""]","[""geemap""]",package_links_found,True,2024-11-16
pipefunc/graphviz-anywidget,pipefunc/graphviz-anywidget,200,"[""graphviz-anywidget""]","[""graphviz-anywidget""]",package_links_found,True,
cmudig/Texture,cmudig/texture,200,"[""texture-viz""]","[""texture-viz""]",package_links_found,True,2024-11-20
innovationOUtside/jupyter_anywidget_pandoc,innovationoutside/jupyter_anywidget_pandoc,200,"[""jupyter-anywidget-pandoc""]","[""jupyter-anywidget-pandoc""]",package_links_found,True,
satotake/pandas-sanddance,satotake/pandas-sanddance,200,"[""pandas-sanddance""]","[""pandas-sanddance""]",package_links_found,False,
Asher-1/ACloudViewer,asher-1/acloudviewer,200,"[""cccorelib"", ""cloudcompare-demo-plugin"", ""diff-gaussian-rasterization"", ""pycc"", ""qdarkstyle""]",[],package_links_found,False,
twosigma/beakerx_tabledisplay,twosigma/beakerx_tabledisplay,200,[],[],unresolved,False,
datarho/iturtle,datarho/iturtle,200,"[""iturtle""]","[""iturtle""]",package_links_found,False,
